{
  "__version__": "1.0.3",
  "builder": {},
  "gizmos-infos": {
    "is2D": false,
    "is3DIcon": false,
    "iconSize": 2,
    "gridVisible": true,
    "originAxis2D": {
      "x_visible": true,
      "y_visible": true,
      "z_visible": false
    },
    "originAxis3D": {
      "x_visible": true,
      "y_visible": false,
      "z_visible": true
    },
    "gridColor": [
      166,
      166,
      166,
      255
    ],
    "transformToolName": "position",
    "pivot": "pivot",
    "coordinate": "global",
    "toolsVisibility3d": true
  },
  "snap-configs": {
    "position": {
      "x": 1,
      "y": 1,
      "z": 1
    },
    "rotation": 1,
    "scale": 1,
    "isPositionSnapEnabled": false,
    "isRotationSnapEnabled": false,
    "isScaleSnapEnabled": false
  },
  "rect-snap-configs": {
    "enableSnapping": true,
    "snapThreshold": 4
  },
  "camera-infos": {
    "6cf92837-8818-4c50-8828-094cc8da98b1": {
      "position": {
        "x": 34.65888576044295,
        "y": 34.65888576044294,
        "z": 34.658885760442935
      },
      "rotation": {
        "x": -0.27984814233312133,
        "y": 0.3647051996310009,
        "z": 0.11591689595929512,
        "w": 0.8804762392171493
      },
      "viewCenter": {
        "x": 0,
        "y": 0,
        "z": 0
      },
      "contentRect": {
        "x": 0,
        "y": 0,
        "width": 531,
        "height": 414
      },
      "scale": 1
    },
    "c37e982f-ab09-465d-9294-a00f170890f3": {
      "position": {
        "x": 12.15998195410603,
        "y": 12.159981954106023,
        "z": 12.159981954106023
      },
      "rotation": {
        "x": -0.27984814233312133,
        "y": 0.3647051996310009,
        "z": 0.11591689595929512,
        "w": 0.8804762392171493
      },
      "viewCenter": {
        "x": 0,
        "y": 0,
        "z": 0
      },
      "contentRect": {
        "x": 0,
        "y": 0,
        "width": 854,
        "height": 1180
      },
      "scale": 1
    },
    "352e9432-3853-4381-aaf3-a8467d238c35": {
      "position": {
        "x": 12.159981953259035,
        "y": 12.159981953259027,
        "z": 12.159981953259027
      },
      "rotation": {
        "x": -0.27984814233312133,
        "y": 0.3647051996310009,
        "z": 0.11591689595929512,
        "w": 0.8804762392171493
      },
      "viewCenter": {
        "x": 0,
        "y": 0,
        "z": 0
      },
      "contentRect": {
        "x": 0,
        "y": 0,
        "width": 1310,
        "height": 1180
      },
      "scale": 1
    },
    "5da3f2e1-f350-4637-862f-c06872d13fcb": {
      "position": {
        "x": 12.159981953245934,
        "y": 12.15998195324593,
        "z": 12.159981953245929
      },
      "rotation": {
        "x": -0.27984814233312133,
        "y": 0.3647051996310009,
        "z": 0.11591689595929512,
        "w": 0.8804762392171493
      },
      "viewCenter": {
        "x": 0,
        "y": 0,
        "z": 0
      },
      "contentRect": {
        "x": 0,
        "y": 0,
        "width": 1310,
        "height": 1180
      },
      "scale": 1
    },
    "1e041a06-72ec-4300-af6e-b77645796b9c": {
      "position": {
        "x": 12.159981953243465,
        "y": 12.159981953243463,
        "z": 12.159981953243461
      },
      "rotation": {
        "x": -0.27984814233312133,
        "y": 0.3647051996310009,
        "z": 0.11591689595929512,
        "w": 0.8804762392171493
      },
      "viewCenter": {
        "x": 0,
        "y": 0,
        "z": 0
      },
      "contentRect": {
        "x": 0,
        "y": 0,
        "width": 1310,
        "height": 1180
      },
      "scale": 1
    },
    "0ee8f393-cd20-4209-aa21-5fddbaaf0875": {
      "position": {
        "x": 17.258385165279265,
        "y": 17.258385165279265,
        "z": 17.258385165279257
      },
      "rotation": {
        "x": -0.27984814233312133,
        "y": 0.3647051996310009,
        "z": 0.11591689595929512,
        "w": 0.8804762392171493
      },
      "viewCenter": {
        "x": 0,
        "y": 0,
        "z": 0
      },
      "contentRect": {
        "x": 0,
        "y": 0,
        "width": 521,
        "height": 590
      },
      "scale": 1
    }
  },
  "camera-uuids": [
    "6cf92837-8818-4c50-8828-094cc8da98b1",
    "c37e982f-ab09-465d-9294-a00f170890f3",
    "352e9432-3853-4381-aaf3-a8467d238c35",
    "5da3f2e1-f350-4637-862f-c06872d13fcb",
    "1e041a06-72ec-4300-af6e-b77645796b9c",
    "0ee8f393-cd20-4209-aa21-5fddbaaf0875"
  ],
  "camera": {
    "color": [
      48,
      48,
      48,
      255
    ],
    "fov": 45,
    "far": 10000,
    "near": 0.01,
    "wheelSpeed": 0.01,
    "wanderSpeed": 10,
    "enableAcceleration": true,
    "size": "__default_design__",
    "far2D": 10000,
    "near2D": 1,
    "wheelSpeed2D": 6,
    "iso": 0,
    "aperture": 19,
    "shutter": 7
  },
  "float-window": {
    "position": {
      "cc": {
        "Camera": {
          "dock": false,
          "top": null,
          "bottom": 10,
          "left": null,
          "right": 10
        }
      }
    }
  }
}
